{"cameraMode":{"drawMode":0,"name":"Shaded","section":"Shading Mode"},"sceneLighting":false,"audioPlay":false,"sceneViewState":{"showFog":true,"showMaterialUpdate":false,"showSkybox":false,"showFlares":true,"showImageEffects":true,"showParticleSystems":true},"in2DMode":false,"pivot":{"x":0.0,"y":0.2500002384185791,"z":1.250000238418579},"rotation":{"x":0.14761857688426972,"y":-0.6620085835456848,"z":0.13530567288398744,"w":0.7222538590431213},"size":3.3726847171783449,"orthographic":false}